Subgraph,4dp result,First 5 CPU Tensors,First 5 NPU Tensors
OpenVINO-EP-subgraph_1.xml,passed 100,['14'],['14']
OpenVINO-EP-subgraph_4.xml,failed 33,"['0.32813957,0.23302878,0.4036211,-0.08116594,-0.64176446', '0.6185469,0.12749413,-1.019984,-0.21600792,1.1667469']","['0.32788086,0.2331543,0.4033203,-0.08105469,-0.64160156', '0.61865234,0.12768555,-1.0195312,-0.21606445,1.1669922']"
