Subgraph,4dp result,First 5 CPU Tensors,First 5 NPU Tensors
OpenVINO-EP-subgraph_1.xml,passed 100,['14'],['14']
OpenVINO-EP-subgraph_2.xml,passed 100,['-1'],['-1']
OpenVINO-EP-subgraph_3.xml,failed 29,"['-0.117074914,-0.12768534,0.8425858,1.2704774,0.7053785', '-0.70280725,0.7228709,-0.43856773,0.3254075,0.39462307']","['-0.11706543,-0.12768555,0.84277344,1.2705078,0.7050781', '-0.7036133,0.7236328,-0.43920898,0.32592773,0.39501953']"
OpenVINO-EP-subgraph_4.xml,failed 38,"['0.36306998,0.53892666,0.4935925,0.22651377,-0.91678214', '0.5487829,0.12848717,-1.1899189,0.5066395,0.63875926']","['0.3630371,0.5390625,0.49365234,0.2265625,-0.9169922', '0.5488281,0.12854004,-1.1894531,0.50683594,0.6386719']"
